"","Df","Sum Sq","Mean Sq","F value","Pr(>F)"
"Species  ",15,5560.24962083333,370.683308055556,7.5916989032148,1.1912551609992e-14
"Residuals",345,16845.4706791667,48.8274512439613,NA,NA
